{"cameraMode":{"drawMode":0,"name":"Shaded","section":"Shading Mode"},"sceneLighting":false,"audioPlay":false,"sceneViewState":{"showFog":false,"showMaterialUpdate":false,"showSkybox":true,"showFlares":false,"showImageEffects":false,"showParticleSystems":false},"in2DMode":false,"pivot":{"x":30.570579528808595,"y":33.706485748291019,"z":37.494728088378909},"rotation":{"x":0.1158139556646347,"y":0.2604932188987732,"z":-0.031491994857788089,"w":0.9579867720603943},"size":0.98092120885849,"orthographic":false}