{"cameraMode":{"drawMode":0,"name":"Shaded","section":"Shading Mode"},"sceneLighting":false,"audioPlay":false,"sceneViewState":{"showFog":false,"showMaterialUpdate":false,"showSkybox":true,"showFlares":false,"showImageEffects":false,"showParticleSystems":false},"in2DMode":false,"pivot":{"x":-0.027706265449523927,"y":0.26477086544036868,"z":0.012477189302444458},"rotation":{"x":0.04121767356991768,"y":0.9504371285438538,"z":-0.2726151645183563,"w":0.1437060385942459},"size":1.5099444389343262,"orthographic":false}