{"cameraMode":{"drawMode":0,"name":"Shaded","section":"Shading Mode"},"sceneLighting":false,"audioPlay":false,"sceneViewState":{"showFog":false,"showMaterialUpdate":false,"showSkybox":true,"showFlares":false,"showImageEffects":false,"showParticleSystems":false},"in2DMode":false,"pivot":{"x":313.82635498046877,"y":932.2911376953125,"z":713.8592529296875},"rotation":{"x":0.04121767356991768,"y":0.9504371285438538,"z":-0.2726151645183563,"w":0.1437060385942459},"size":2.771986246109009,"orthographic":false}