{"cameraMode":{"drawMode":0,"name":"Shaded","section":"Shading Mode"},"sceneLighting":false,"audioPlay":false,"sceneViewState":{"showFog":false,"showMaterialUpdate":false,"showSkybox":false,"showFlares":false,"showImageEffects":false,"showParticleSystems":false},"in2DMode":false,"pivot":{"x":-0.6872577667236328,"y":3.708204984664917,"z":-3.781435489654541},"rotation":{"x":-0.12392516434192658,"y":0.09421514719724655,"z":-0.011820390820503235,"w":-0.9877380132675171},"size":4.12520694732666,"orthographic":false}