{"cameraMode":{"drawMode":0,"name":"Shaded","section":"Shading Mode"},"sceneLighting":false,"audioPlay":false,"sceneViewState":{"showFog":false,"showMaterialUpdate":false,"showSkybox":false,"showFlares":false,"showImageEffects":false,"showParticleSystems":false},"in2DMode":false,"pivot":{"x":-0.17998456954956056,"y":0.8210008144378662,"z":-0.26052621006965639},"rotation":{"x":0.21754318475723267,"y":-0.013488263823091984,"z":0.0030053339432924988,"w":0.9759529232978821},"size":3.6021649837493898,"orthographic":false}