{"cameraMode":{"drawMode":0,"name":"Shaded","section":"Shading Mode"},"sceneLighting":true,"audioPlay":false,"sceneViewState":{"showFog":false,"showMaterialUpdate":false,"showSkybox":true,"showFlares":false,"showImageEffects":false,"showParticleSystems":false},"in2DMode":false,"pivot":{"x":-8.06248950958252,"y":1.3829443454742432,"z":0.5623083114624023},"rotation":{"x":0.025979477912187578,"y":0.9673564434051514,"z":-0.2263057678937912,"w":0.11105126887559891},"size":4.797440052032471,"orthographic":false}