{"cameraMode":{"drawMode":0,"name":"Shaded","section":"Shading Mode"},"sceneLighting":false,"audioPlay":false,"sceneViewState":{"showFog":false,"showMaterialUpdate":false,"showSkybox":true,"showFlares":false,"showImageEffects":false,"showParticleSystems":false},"in2DMode":false,"pivot":{"x":-0.0018450915813446046,"y":0.2878876030445099,"z":-0.000422060489654541},"rotation":{"x":0.04121767356991768,"y":0.9504371285438538,"z":-0.2726151645183563,"w":0.1437060385942459},"size":1.2305443286895753,"orthographic":false}